Player,Team,Pos,Age,G,AB,R,H,2B,3B,HR,RBI,SB,CS,BB,SO,SH,SF,HBP,AVG,OBP,SLG,OPS
Whit Merrifield,KC,2B,31,44,178,24,46,9,0,8,25,7,2,9,21,0,1,4,.258,.307,.444,.751
Jose Abreu,CWS,1B,33,43,177,30,55,12,0,13,40,0,0,10,38,0,0,2,.311,.354,.599,.953
Fernando Tatis,SD,SS,21,45,175,45,53,10,2,15,39,8,0,23,47,0,0,5,.303,.399,.640,1.039
Manny Machado,SD,SS,28,45,173,36,53,10,1,12,37,4,1,21,30,0,4,0,.306,.374,.584,.958
Cesar Hernandez,CLE,2B,30,42,171,21,44,14,0,2,13,0,0,19,42,1,0,1,.257,.335,.374,.709
Francisco Lindor,CLE,SS,26,43,171,23,48,10,0,7,19,3,1,13,32,0,0,4,.281,.346,.462,.808
Trent Grisham,SD,OF,23,45,171,31,46,7,2,8,19,6,1,21,51,0,1,2,.269,.354,.474,.828
Dansby Swanson,ATL,SS,26,43,170,42,52,12,0,6,24,5,0,15,49,0,0,3,.306,.372,.482,.854
Trevor Story,COL,SS,27,42,168,34,49,10,2,10,22,13,1,20,43,0,0,0,.292,.367,.554,.921
Trea Turner,WAS,SS,27,41,167,35,60,11,3,9,25,6,4,14,27,0,1,2,.359,.413,.623,1.036
Maikel Franco,KC,3B,28,44,165,18,43,14,0,6,23,1,0,10,28,0,2,0,.261,.299,.455,.754
Mike Yastrzemski,SF,OF,30,44,165,35,49,11,4,9,31,2,0,26,46,0,0,3,.297,.402,.576,.978
Javier Baez,CHC,SS,27,43,163,20,33,7,1,6,19,1,0,7,57,0,2,2,.202,.241,.368,.609
Mookie Betts,LAD,OF,27,41,163,33,50,8,0,14,33,6,1,19,30,0,1,1,.307,.380,.613,.993
Rafael Devers,BOS,3B,23,41,163,25,43,11,1,9,28,0,0,11,47,0,0,2,.264,.318,.509,.827
Cavan Biggio,TOR,2B,25,43,162,31,40,11,0,6,21,5,0,28,41,0,0,3,.247,.368,.426,.794
Michael Conforto,NYM,OF,27,44,162,30,55,12,0,8,27,3,3,18,38,0,0,7,.340,.428,.562,.990
Cody Bellinger,LAD,1B,25,41,162,27,34,5,0,10,22,6,0,19,31,0,0,0,.210,.293,.426,.719
Ketel Marte,ARI,2B,26,40,162,17,47,13,0,2,14,1,0,5,19,0,2,4,.290,.324,.407,.731
Jorge Polanco,MIN,SS,27,42,162,19,46,6,0,4,18,2,2,8,21,2,1,1,.284,.320,.395,.715
Charlie Blackmon,COL,OF,34,42,162,26,53,9,1,5,30,1,0,15,36,0,1,0,.327,.382,.488,.870
Marcell Ozuna,ATL,OF,29,43,161,27,49,10,0,13,37,0,0,25,46,0,1,0,.304,.396,.609,1.005
Hanser Alberto,BAL,2B,27,38,161,28,50,12,0,2,15,2,0,5,22,2,1,1,.311,.333,.422,.755
Eloy Jimenez,CWS,OF,23,41,161,21,45,10,0,11,30,0,0,9,42,0,1,0,.280,.316,.547,.863
Yuli Gurriel,HOU,1B,36,43,160,26,42,12,1,6,18,0,0,10,22,0,4,2,.263,.307,.463,.770
Vladimir Guerrero,TOR,3B,21,43,159,22,39,8,1,6,22,1,0,18,33,0,0,1,.245,.326,.421,.747
Jose Ramirez,CLE,3B,27,42,159,31,39,7,1,9,26,9,1,25,36,0,1,1,.245,.349,.472,.821
Adalberto Mondesi,KC,SS,25,43,158,13,32,6,1,1,8,12,6,4,52,2,0,1,.203,.227,.272,.499
Eddie Rosario,MIN,OF,29,43,158,24,39,6,0,9,30,2,1,14,22,0,0,0,.247,.308,.456,.764
Christian Walker,ARI,1B,29,42,158,23,43,14,0,6,27,0,0,13,36,0,3,2,.272,.330,.475,.805
Keston Hiura,MIL,2B,24,41,157,25,36,4,0,11,25,3,2,11,58,0,1,10,.229,.318,.465,.783
Nolan Arenado,COL,3B,29,41,156,22,42,9,0,8,25,0,0,14,14,0,4,0,.269,.322,.481,.803
Randal Grichuk,TOR,OF,29,38,155,25,42,8,0,9,26,0,1,10,37,0,1,0,.271,.313,.497,.810
Renato Nunez,BAL,1B,26,39,155,25,39,8,0,10,24,0,0,12,53,0,1,2,.252,.312,.497,.809
J.P. Crawford,SEA,SS,25,41,155,27,37,6,2,2,15,5,2,22,29,0,1,2,.239,.339,.342,.681
Kyle Tucker,HOU,OF,23,43,155,30,41,9,6,8,37,5,0,13,35,0,1,0,.265,.320,.555,.875
Pete Alonso,NYM,1B,25,42,154,24,36,4,0,11,26,0,0,20,45,0,1,5,.234,.339,.474,.813
Kyle Lewis,SEA,OF,25,42,153,32,47,2,0,9,23,3,0,24,46,0,1,0,.307,.399,.497,.896
Anthony Santander,BAL,OF,25,37,153,24,40,13,1,11,32,0,1,10,25,0,0,2,.261,.315,.575,.890
Franmil Reyes,CLE,OF,25,42,153,25,48,8,0,8,25,0,0,16,45,0,1,1,.314,.380,.523,.903
Xander Bogaerts,BOS,SS,27,42,153,25,43,8,0,10,26,3,0,14,34,0,1,0,.281,.339,.529,.868
Eduardo Escobar,ARI,2B,31,41,152,18,32,5,2,4,17,1,0,14,30,0,1,2,.211,.284,.349,.633
Freddie Freeman,ATL,1B,30,43,152,35,50,15,1,8,38,0,0,31,26,0,0,2,.329,.449,.599,1.048
David Peralta,ARI,OF,33,41,152,13,43,6,1,3,26,1,0,12,30,0,2,0,.283,.331,.395,.726
Carlos Correa,HOU,SS,25,43,152,17,44,8,0,4,23,0,0,14,35,0,0,2,.289,.357,.421,.778
Corey Seager,LAD,SS,26,37,151,27,47,10,0,11,31,1,0,12,27,0,1,1,.311,.364,.596,.960
Alex Verdugo,BOS,OF,24,41,151,29,47,14,0,6,14,3,0,12,34,0,0,2,.311,.370,.523,.893
Anthony Rizzo,CHC,1B,31,43,151,22,31,4,0,9,19,1,1,22,28,0,2,7,.205,.330,.411,.741
Max Muncy,LAD,2B,30,43,151,26,31,3,0,10,21,0,0,31,43,0,2,4,.205,.351,.424,.775
Nick Castellanos,CIN,OF,28,43,151,29,35,8,1,12,27,0,2,17,46,0,1,4,.232,.324,.536,.860
Luis Robert,CWS,OF,23,41,151,27,40,8,0,11,27,6,2,14,54,0,1,1,.265,.329,.536,.865
Nick Solak,TEX,DH,25,41,150,19,42,9,0,2,19,4,1,13,26,0,3,1,.280,.335,.380,.715
Wil Myers,SD,OF,29,41,149,28,45,11,2,11,31,1,0,14,40,0,0,2,.302,.370,.624,.994
Miguel Cabrera,DET,1B,37,41,149,20,36,3,0,5,22,0,0,17,33,0,2,1,.242,.320,.362,.682
Carlos Santana,CLE,1B,34,43,148,24,30,3,0,5,21,0,0,36,33,0,1,1,.203,.360,.324,.684
Wilmer Flores,SF,2B,29,40,148,24,43,10,0,8,22,1,0,10,24,0,1,1,.291,.338,.520,.858
Marcus Semien,OAK,SS,29,35,148,19,32,4,1,5,12,3,0,12,36,0,0,0,.216,.275,.358,.633
Jonathan Schoop,DET,2B,28,40,148,24,43,4,2,8,22,0,0,8,36,0,2,4,.291,.340,.507,.847
J.D. Martinez,BOS,OF,33,39,148,15,32,13,0,4,18,0,0,17,39,0,1,2,.216,.304,.385,.689
Adam Frazier,PIT,2B,28,40,148,13,35,3,0,4,15,1,3,12,27,0,0,2,.236,.302,.338,.640
Matt Olson,OAK,1B,26,41,147,22,28,2,1,11,29,0,0,27,48,0,0,0,.190,.316,.442,.758
Lourdes Gurriel,TOR,OF,26,41,147,15,44,10,0,6,23,3,1,13,30,0,2,0,.299,.352,.490,.842
Nick Ahmed,ARI,SS,30,43,147,19,36,8,0,4,20,2,0,16,36,0,0,0,.245,.319,.381,.700
Mike Trout,LAA,OF,29,39,147,35,43,6,1,15,38,1,1,24,43,0,3,2,.293,.392,.653,1.045
Nelson Cruz,MIN,DH,40,42,146,30,50,5,0,15,31,0,0,19,43,0,0,4,.342,.432,.685,1.117
Teoscar Hernandez,TOR,OF,27,39,146,27,45,6,0,14,27,5,1,12,45,0,1,0,.308,.358,.637,.995
Eugenio Suarez,CIN,3B,29,42,145,22,28,5,0,12,27,2,0,21,47,0,1,1,.193,.298,.476,.774
A.J. Pollock,LAD,OF,32,41,145,21,42,9,0,8,21,2,2,8,34,0,1,0,.290,.325,.517,.842
Kyle Seager,SEA,3B,32,43,144,24,39,10,0,7,32,4,0,20,22,0,6,6,.271,.369,.486,.855
Luke Voit,NYY,1B,29,39,144,28,39,4,0,14,30,0,0,14,40,0,0,2,.271,.344,.590,.934
David Fletcher,LAA,2B,26,35,144,24,45,9,0,3,13,2,0,16,17,0,2,0,.313,.377,.438,.815
Ian Happ,CHC,OF,26,43,143,22,41,10,1,12,24,1,1,26,45,1,0,1,.287,.400,.622,1.022
Isiah Kiner-Falefa,TEX,C,25,40,143,21,46,4,2,2,7,8,4,9,21,0,1,2,.322,.368,.420,.788
Kyle Schwarber,CHC,OF,27,43,143,24,30,4,0,10,21,1,0,21,52,0,0,2,.210,.319,.448,.767
Jose Altuve,HOU,2B,30,35,143,23,32,5,0,3,12,2,3,11,29,0,0,1,.224,.284,.322,.606
Asdrubal Cabrera,WAS,2B,34,38,142,15,31,5,2,5,21,0,0,15,34,0,4,0,.218,.286,.387,.673
Matt Chapman,OAK,3B,27,37,142,22,33,9,2,10,25,0,0,8,54,0,1,1,.232,.276,.535,.811
Yoan Moncada,CWS,3B,25,36,141,19,35,7,0,5,20,0,0,19,48,0,2,1,.248,.337,.404,.741
Donovan Solano,SF,2B,32,39,141,21,48,14,1,3,27,0,0,9,27,0,1,1,.340,.382,.518,.900
Christian Yelich,MIL,OF,28,39,141,28,30,6,1,9,19,4,2,28,50,0,0,1,.213,.347,.461,.808
Brandon Lowe,TB,2B,26,40,140,27,35,7,2,10,28,0,0,17,42,0,1,3,.250,.342,.543,.885
Tim Anderson,CWS,SS,27,33,140,35,49,10,1,7,15,5,1,9,32,0,1,1,.350,.391,.586,.977
J.D. Davis,NYM,3B,27,41,140,19,37,5,0,5,14,0,0,19,38,0,1,7,.264,.377,.407,.784
Victor Reyes,DET,OF,25,40,139,25,42,7,2,4,13,6,1,6,31,0,0,1,.302,.336,.468,.804
Brandon Nimmo,NYM,OF,27,40,139,26,35,6,2,6,12,1,1,26,33,0,0,5,.252,.388,.453,.841
Josh Bell,PIT,1B,28,39,139,15,29,3,0,4,14,0,0,15,45,0,3,1,.209,.285,.317,.602
Kole Calhoun,ARI,OF,32,40,139,23,28,7,0,9,22,0,1,23,38,0,1,6,.201,.337,.446,.783
Andrew McCutchen,PHI,OF,33,37,139,20,34,5,0,5,24,3,0,12,26,0,1,1,.245,.307,.388,.695
Didi Gregorius,PHI,SS,30,39,139,25,38,5,2,6,23,3,1,11,15,1,2,3,.273,.335,.468,.803
Willson Contreras,CHC,C,28,42,138,28,33,7,0,5,19,1,2,14,43,0,1,8,.239,.342,.399,.741
Jeimer Candelario,DET,1B,26,38,138,23,43,9,3,5,23,1,1,11,37,0,0,1,.312,.367,.529,.896
Adam Eaton,WAS,OF,31,35,137,17,30,10,1,3,15,1,0,10,29,4,0,1,.219,.277,.372,.649
Miguel Sano,MIN,3B,27,40,137,27,33,12,0,10,21,0,0,17,65,0,0,1,.241,.329,.547,.876
Josh Reddick,HOU,OF,33,41,137,15,34,9,1,3,16,0,0,17,30,0,1,0,.248,.329,.394,.723
Jorge Soler,KC,OF,28,39,136,16,32,6,0,8,22,0,0,17,55,0,1,3,.235,.331,.456,.787
Austin Riley,ATL,OF,23,38,135,20,33,5,1,7,23,0,0,11,34,0,1,1,.244,.304,.452,.756
Jurickson Profar,SD,2B,27,42,135,21,32,3,0,6,19,4,1,13,20,1,2,3,.237,.314,.393,.707
J.T. Realmuto,PHI,C,29,37,135,29,35,5,0,10,27,4,1,14,41,0,0,5,.259,.351,.519,.870
Evan Longoria,SF,3B,34,37,134,21,39,7,1,5,24,0,1,7,22,0,3,1,.291,.324,.470,.794
Anthony Rendon,LAA,3B,30,38,134,21,39,6,1,8,25,0,0,30,24,0,0,4,.291,.435,.530,.965
Joey Gallo,TEX,OF,26,40,134,18,25,5,0,8,21,2,0,25,56,0,0,2,.187,.323,.403,.726
Christian Vazquez,BOS,C,30,37,133,16,37,5,0,4,12,2,0,10,36,0,0,0,.278,.329,.406,.735
Jackie Bradley,BOS,OF,30,40,133,17,35,6,0,5,17,1,1,15,35,0,1,1,.263,.340,.421,.761
George Springer,HOU,OF,30,37,133,26,32,5,1,8,22,0,1,19,27,0,2,5,.241,.352,.474,.826
Mark Canha,OAK,OF,31,40,132,22,32,8,1,3,21,3,0,25,42,0,3,8,.242,.387,.386,.773
Marwin Gonzalez,MIN,3B,31,40,132,9,27,2,0,3,14,0,0,15,31,0,3,1,.205,.285,.288,.573
Willy Adames,TB,SS,25,40,132,22,39,14,1,5,15,1,1,17,51,0,0,0,.295,.376,.530,.906
Rhys Hoskins,PHI,1B,27,37,132,31,34,9,0,9,22,1,0,29,38,0,0,5,.258,.410,.530,.940
Chris Taylor,LAD,2B,30,41,131,23,35,7,1,3,18,3,2,20,38,1,0,2,.267,.373,.405,.778
Ramon Laureano,OAK,OF,26,37,129,19,30,5,1,5,18,1,1,18,41,0,3,9,.233,.358,.403,.761
Joey Votto,CIN,1B,37,37,129,20,28,5,0,6,12,0,0,23,25,0,0,0,.217,.336,.395,.731
Shohei Ohtani,LAA,P,26,37,128,17,25,6,0,5,20,7,0,18,41,0,0,0,.195,.295,.359,.654
Jeff McNeil,NYM,2B,28,37,127,13,40,11,0,4,19,0,1,14,18,0,3,3,.315,.388,.496,.884
Rio Ruiz,BAL,3B,26,36,127,19,29,5,0,8,26,1,1,14,33,1,1,0,.228,.303,.457,.760
Jake Cronenworth,SD,SS,26,39,127,21,41,11,3,4,20,3,0,11,23,0,1,1,.323,.379,.551,.930
Bryan Reynolds,PIT,OF,25,37,127,17,23,5,2,3,12,1,0,16,39,0,0,0,.181,.273,.323,.596
Jean Segura,PHI,SS,30,35,127,19,32,3,1,5,17,2,1,16,26,1,0,0,.252,.336,.409,.745
Alex Gordon,KC,OF,36,38,125,12,28,4,0,4,8,0,0,13,27,0,0,3,.224,.312,.352,.664
Corey Dickerson,MIA,OF,31,33,125,16,29,3,1,6,12,0,1,11,21,0,0,0,.232,.294,.416,.710
Adam Duvall,ATL,OF,32,41,125,27,34,6,0,13,29,0,0,7,38,0,1,2,.272,.319,.632,.951
Evan White,SEA,1B,24,37,125,11,23,6,0,5,20,1,1,11,52,0,1,1,.184,.254,.352,.606
Kevin Newman,PIT,2B,27,33,125,11,30,5,0,1,9,0,1,8,17,1,1,0,.240,.284,.304,.588
Brian Anderson,MIA,3B,27,38,125,16,32,5,1,5,21,0,0,17,44,0,1,5,.256,.365,.432,.797
DJ LeMahieu,NYY,2B,32,33,124,24,44,2,2,5,13,2,0,10,14,0,1,1,.355,.404,.524,.928
Max Kepler,MIN,OF,27,35,123,18,27,5,0,7,18,3,0,17,27,0,1,2,.220,.322,.431,.753
Victor Robles,WAS,OF,23,37,123,16,31,5,0,2,12,3,1,7,38,0,2,8,.252,.329,.341,.670
Tommy Edman,STL,2B,25,33,123,19,31,5,1,3,17,1,2,7,25,0,1,5,.252,.316,.382,.698
Jesse Winker,CIN,OF,27,42,122,21,34,6,0,10,18,1,0,21,37,0,0,4,.279,.401,.574,.975
Dominic Smith,NYM,1B,25,36,122,19,40,17,0,7,32,0,0,12,33,0,3,3,.328,.393,.639,1.032
Starling Marte,ARI,OF,31,33,122,23,38,8,1,2,14,5,2,10,19,0,1,5,.311,.384,.443,.827
Erik Gonzalez,PIT,SS,29,33,122,12,34,10,1,3,19,0,3,6,29,1,3,0,.279,.305,.451,.756
Brandon Crawford,SF,SS,33,39,122,19,32,6,0,4,17,1,2,11,29,0,0,3,.262,.338,.410,.748
Stephen Piscotty,OAK,OF,29,34,121,15,32,6,0,5,28,3,0,7,38,1,1,1,.264,.308,.438,.746
Travis Shaw,TOR,3B,30,36,121,13,30,7,0,4,12,0,0,12,36,0,0,0,.248,.316,.405,.721
Ryan McMahon,COL,2B,25,36,121,16,26,3,1,6,18,0,1,15,52,0,1,2,.215,.309,.405,.714
Garrett Hampson,COL,2B,25,37,120,22,31,3,3,5,10,4,0,10,37,3,1,0,.258,.313,.458,.771
Johan Camargo,ATL,SS,26,35,120,16,24,8,0,4,9,0,0,6,35,0,0,1,.200,.244,.367,.611
Jesus Aguilar,MIA,1B,30,31,120,19,35,7,0,5,24,0,1,12,24,0,3,0,.292,.348,.475,.823
Bryce Harper,PHI,OF,27,37,119,27,31,4,1,7,21,7,1,32,27,1,2,2,.261,.419,.487,.906
Nicky Lopez,KC,2B,25,40,119,12,28,6,0,1,11,0,5,11,27,2,0,2,.235,.311,.311,.622
Yasmani Grandal,CWS,C,31,33,118,19,30,5,0,6,21,0,0,22,40,0,2,0,.254,.366,.449,.815
Eric Hosmer,SD,1B,30,31,118,20,34,6,0,8,32,3,0,8,23,0,0,2,.288,.344,.542,.886
Justin Turner,LAD,3B,35,32,117,17,33,7,1,2,20,1,0,14,22,0,1,6,.282,.384,.410,.794
Robinson Cano,NYM,2B,37,33,117,17,37,7,0,7,19,0,0,6,13,0,1,0,.316,.347,.556,.903
Kevin Pillar,BOS,OF,31,30,117,20,32,7,2,4,13,1,1,8,23,0,0,1,.274,.325,.470,.795
Joey Wendle,TB,2B,30,36,117,16,30,6,2,2,10,4,1,7,23,0,0,3,.256,.315,.393,.708
Shed Long,SEA,2B,25,34,117,10,20,5,0,3,9,4,0,11,37,0,0,0,.171,.242,.291,.533
Ji-Man Choi,TB,1B,29,39,116,14,26,11,0,3,15,0,0,17,35,0,3,0,.224,.316,.397,.713
Jonathan Villar,MIA,2B,29,30,116,10,30,4,0,2,9,9,5,10,32,1,1,0,.259,.315,.345,.660
Raimel Tapia,COL,OF,26,34,115,15,34,3,2,1,12,4,2,13,26,0,2,2,.296,.371,.383,.754
Aaron Hicks,NYY,OF,30,39,115,17,24,7,1,4,13,2,1,30,26,0,0,1,.209,.377,.391,.768
Pedro Severino,BAL,C,27,35,115,16,37,5,1,5,21,1,0,14,25,1,0,1,.322,.400,.513,.913
Yandy Diaz,TB,3B,29,34,114,16,35,3,0,2,11,0,0,23,17,0,0,1,.307,.428,.386,.814
Avisail Garcia,MIL,OF,29,34,114,17,27,8,0,2,14,0,1,16,32,0,0,4,.237,.351,.360,.711
Justin Smoak,MIL,1B,33,33,113,14,21,7,0,5,15,0,0,10,40,0,1,2,.186,.262,.381,.643
Michael Brantley,HOU,OF,33,31,113,21,36,14,0,4,21,1,0,13,21,0,0,0,.319,.389,.549,.938
Orlando Arcia,MIL,SS,26,40,113,14,29,3,1,3,12,2,0,11,17,0,0,1,.257,.328,.381,.709
Niko Goodrum,DET,2B,28,31,113,11,21,5,1,5,17,5,0,13,50,0,3,0,.186,.264,.381,.645
Colin Moran,PIT,3B,27,33,113,22,29,7,0,7,13,0,0,13,29,0,0,2,.257,.344,.504,.848
Rowdy Tellez,TOR,1B,25,35,113,20,32,5,0,8,23,0,1,11,20,0,2,1,.283,.346,.540,.886
Amed Rosario,NYM,SS,24,33,112,17,25,2,1,3,13,0,1,3,26,0,0,0,.223,.243,.339,.582
Paul Goldschmidt,STL,1B,33,35,112,22,37,7,0,4,14,1,0,27,20,0,1,1,.330,.461,.500,.961
Daniel Murphy,COL,1B,35,34,112,8,28,3,0,3,15,0,0,6,19,0,1,0,.250,.286,.357,.643
Robbie Grossman,OAK,OF,30,35,112,16,28,11,2,4,16,5,1,19,25,0,0,5,.250,.382,.491,.873
Jose Peraza,BOS,2B,26,34,111,13,25,8,1,1,8,1,1,5,18,0,1,3,.225,.275,.342,.617
Alex Dickerson,SF,OF,30,38,110,20,30,5,1,8,23,0,0,13,23,0,1,0,.273,.347,.555,.902
Albert Pujols,LAA,1B,40,29,110,11,25,7,0,3,19,0,0,6,20,0,0,1,.227,.274,.373,.647
Shin-Soo Choo,TEX,OF,38,32,109,13,25,3,0,5,15,6,2,13,33,0,2,2,.229,.317,.394,.711
Wilson Ramos,NYM,C,33,34,109,7,24,3,0,3,9,0,0,8,27,0,1,2,.220,.283,.330,.613
Travis d'Arnaud,ATL,C,31,29,109,15,34,5,0,7,25,1,0,8,32,0,1,1,.312,.361,.550,.911
Shogo Akiyama,CIN,OF,32,39,109,7,24,4,1,0,4,4,0,14,23,0,0,2,.220,.320,.275,.595
Austin Meadows,TB,OF,25,29,109,17,22,6,1,3,9,1,1,13,40,0,2,1,.202,.288,.358,.646
Enrique Hernandez,LAD,2B,29,36,108,17,25,5,1,4,15,0,0,4,26,0,1,1,.231,.263,.407,.670
Todd Frazier,TEX,3B,34,31,108,11,26,7,1,2,7,1,1,10,26,0,0,3,.241,.322,.380,.702
Edwin Encarnacion,CWS,1B,37,30,108,16,19,4,0,8,15,0,0,12,38,0,1,3,.176,.274,.435,.709
Gary Sanchez,NYY,C,27,34,107,10,13,1,0,7,15,0,0,12,50,0,0,3,.121,.230,.327,.557
Gregory Polanco,PIT,OF,28,33,107,8,16,5,0,5,15,2,0,8,48,0,2,0,.150,.205,.336,.541
Mauricio Dubon,SF,2B,26,38,107,15,31,3,1,2,13,2,2,7,27,1,2,1,.290,.333,.393,.726
Kolten Wong,STL,2B,29,33,106,21,29,4,1,0,9,2,1,15,18,1,1,4,.274,.381,.330,.711
Brandon Belt,SF,1B,32,36,105,19,34,9,1,7,22,0,0,18,30,0,0,0,.324,.423,.629,1.052
Kevin Kiermaier,TB,OF,30,38,105,13,25,4,2,3,17,6,1,16,32,0,0,1,.238,.344,.400,.744
Ben Gamel,MIL,OF,28,34,104,10,25,6,1,3,10,0,2,12,37,0,0,0,.240,.319,.404,.723
Pat Valaika,BAL,2B,28,38,104,17,28,3,0,6,13,0,1,6,22,1,0,0,.269,.309,.471,.780
Luis Arraez,MIN,2B,23,30,104,14,30,5,0,0,10,0,0,8,11,0,1,0,.288,.336,.337,.673
Gio Urshela,NYY,3B,28,31,103,18,28,7,0,6,23,1,0,14,20,0,2,1,.272,.358,.515,.873
Jason Heyward,CHC,OF,31,36,103,16,31,5,2,5,17,1,0,20,21,0,2,1,.301,.413,.534,.947
Freddy Galvis,CIN,2B,30,33,102,14,21,3,0,6,11,0,1,8,21,0,0,3,.206,.283,.412,.695
Yoshi Tsutsugo,TB,OF,28,35,102,19,20,4,0,6,19,0,0,20,28,0,1,1,.196,.331,.412,.743
Ronald Acuna,ATL,OF,22,30,102,28,29,7,0,10,20,4,1,25,34,0,0,2,.284,.434,.647,1.081
Danny Mendick,CWS,SS,26,31,102,10,25,4,1,3,6,0,1,6,23,0,1,0,.245,.284,.392,.676
Juan Soto,WAS,OF,21,28,101,22,36,7,0,11,27,1,1,19,16,0,0,1,.356,.463,.752,1.215
Manuel Margot,TB,OF,25,33,101,14,27,7,0,1,7,9,0,11,18,0,0,0,.267,.339,.366,.705
Jose Iglesias,BAL,SS,30,26,101,8,38,13,0,0,15,0,0,2,13,0,1,2,.376,.396,.505,.901
Martin Maldonado,HOU,C,34,35,100,17,24,3,0,4,20,1,0,19,38,2,0,1,.240,.367,.390,.757
Tim Lopes,SEA,OF,26,32,100,10,24,7,0,1,10,5,0,4,23,0,0,2,.240,.283,.340,.623
Hunter Dozier,KC,3B,29,28,100,20,23,3,1,5,10,2,0,19,32,0,0,0,.230,.353,.430,.783
Jo Adell,LAA,OF,21,28,100,8,18,3,0,3,7,0,1,7,42,0,0,1,.180,.241,.300,.541
Tommy La Stella,LAA,2B,31,28,99,15,27,8,0,4,14,1,0,15,7,1,1,1,.273,.371,.475,.846
Dylan Moore,SEA,SS,28,27,99,21,28,8,0,6,14,9,4,8,30,0,0,5,.283,.366,.545,.911
Justin Upton,LAA,OF,33,29,99,12,19,3,0,5,16,0,2,8,31,0,1,5,.192,.283,.374,.657
Eric Thames,WAS,1B,33,32,99,8,21,5,0,2,10,1,0,9,31,0,0,2,.212,.291,.323,.614
Joc Pederson,LAD,1B,28,34,98,18,18,3,0,6,12,1,0,10,25,0,0,4,.184,.286,.398,.684
Austin Nola,SEA,C,30,29,98,15,30,5,1,5,19,0,0,9,17,0,1,2,.306,.373,.531,.904
Ryan O'Hearn,KC,1B,27,34,98,7,20,5,0,2,17,0,0,15,33,0,1,0,.204,.307,.316,.623
Michael Chavis,BOS,2B,25,29,98,7,22,2,2,2,10,2,0,5,40,0,1,1,.224,.267,.347,.614
JaCoby Jones,DET,OF,28,30,97,19,26,9,0,5,14,1,1,7,34,0,1,3,.268,.333,.515,.848
Hunter Renfroe,TB,OF,28,33,97,14,15,5,0,6,19,2,0,9,26,0,1,1,.155,.231,.392,.623
Ender Inciarte,ATL,OF,29,34,97,13,20,2,1,1,9,4,1,10,17,1,2,0,.206,.275,.278,.553
Brett Gardner,NYY,OF,37,36,97,11,16,4,0,3,9,3,1,17,28,0,1,1,.165,.293,.299,.592
Elvis Andrus,TEX,SS,32,27,96,9,17,5,0,2,6,3,1,8,14,0,0,0,.177,.240,.292,.532
Jon Berti,MIA,SS,30,30,96,18,24,4,0,2,10,8,2,14,31,1,1,2,.250,.354,.354,.708
Alex Bregman,HOU,SS,26,26,96,12,25,9,0,4,14,0,0,15,17,0,0,1,.260,.366,.479,.845
Cole Tucker,PIT,SS,24,32,95,17,23,3,0,1,8,1,0,4,25,1,1,0,.242,.270,.305,.575
Matt Kemp,COL,OF,35,35,95,17,25,3,0,5,20,0,0,11,30,0,0,0,.263,.340,.453,.793
Austin Romine,DET,C,31,27,95,11,24,4,0,2,14,0,0,2,31,0,0,0,.253,.268,.358,.626
Brian Goodwin,LAA,OF,29,30,95,12,23,7,1,4,17,1,0,12,35,0,1,1,.242,.330,.463,.793
Gleyber Torres,NYY,2B,23,29,94,10,22,5,0,2,10,0,0,15,21,0,0,1,.234,.345,.351,.696
David Bote,CHC,2B,27,34,93,12,20,2,1,5,22,2,0,13,28,0,0,1,.215,.318,.419,.737
Tyler O'Neill,STL,OF,25,29,93,12,17,4,0,4,10,0,1,9,27,0,0,2,.183,.269,.355,.624
Kris Bryant,CHC,3B,28,23,93,12,18,5,0,2,4,0,0,6,28,0,0,3,.194,.265,.312,.577
Howie Kendrick,WAS,2B,37,25,91,11,25,4,0,2,14,0,0,7,17,0,2,0,.275,.320,.385,.705
Nomar Mazara,CWS,OF,25,28,91,9,22,4,0,0,8,0,0,7,31,0,0,3,.242,.317,.286,.603
Yadier Molina,STL,C,38,25,90,6,24,1,0,2,12,0,0,3,10,1,1,2,.267,.302,.344,.646
Eric Sogard,MIL,2B,34,29,90,10,17,2,0,1,7,0,0,11,15,0,1,1,.189,.282,.244,.526
Matt Carpenter,STL,3B,34,31,90,15,16,3,0,2,16,0,0,19,33,0,0,4,.178,.345,.278,.623
Mike Moustakas,CIN,2B,32,29,89,7,21,4,0,4,14,0,0,12,28,0,1,2,.236,.337,.416,.753
Andres Gimenez,NYM,SS,22,36,89,17,26,2,2,2,9,7,1,5,20,0,1,2,.292,.340,.427,.767
Victor Caratini,CHC,C,27,33,88,4,21,5,0,0,10,0,1,8,23,0,0,3,.239,.323,.295,.618
Salvador Perez,KC,C,30,22,88,10,27,6,0,4,12,0,0,2,15,0,1,1,.307,.326,.511,.837
Jacob Stallings,PIT,C,30,29,88,10,25,5,0,2,14,0,0,12,26,2,0,0,.284,.370,.409,.779
Danny Jansen,TOR,C,25,32,87,12,13,2,0,4,13,0,0,17,24,2,1,1,.149,.292,.310,.602
Jake Cave,MIN,OF,27,29,87,9,19,1,1,2,12,0,0,3,34,0,0,4,.218,.277,.322,.599
Byron Buxton,MIN,OF,26,27,87,11,21,2,0,6,15,1,1,1,23,0,2,0,.241,.244,.471,.715
Omar Narvaez,MIL,C,28,30,86,6,16,4,0,2,7,0,0,12,32,0,0,2,.186,.300,.302,.602
Alec Bohm,PHI,3B,24,24,86,9,25,5,0,2,15,0,0,7,21,0,2,1,.291,.344,.419,.763
Tyler Naquin,CLE,OF,29,25,85,11,21,6,1,4,19,0,1,2,23,0,2,1,.247,.267,.482,.749
Brad Miller,STL,3B,30,27,85,15,24,5,1,5,21,1,0,17,22,0,1,1,.282,.404,.541,.945
Kurt Suzuki,WAS,C,36,24,85,12,24,7,0,1,10,0,0,7,15,0,2,3,.282,.351,.400,.751
Luis Urias,MIL,2B,23,25,84,10,24,4,1,0,11,2,2,8,22,0,0,1,.286,.355,.357,.712
Sam Hilliard,COL,OF,26,29,84,11,20,1,1,6,10,3,0,8,33,0,0,0,.238,.304,.488,.792
Carson Kelly,ARI,C,26,28,83,4,15,2,0,2,9,0,0,5,22,0,0,0,.181,.227,.277,.504
Roman Quinn,PHI,OF,27,30,83,11,20,3,1,2,6,8,0,3,24,0,0,1,.241,.276,.373,.649
Rougned Odor,TEX,2B,26,23,83,7,12,2,0,3,11,0,1,5,26,0,1,1,.145,.200,.277,.477
Paul DeJong,STL,SS,27,23,82,9,24,4,0,3,17,1,0,10,24,0,1,0,.293,.366,.451,.817
Christin Stewart,DET,OF,26,33,82,6,14,3,0,3,9,0,0,5,27,0,1,2,.171,.233,.317,.550
Pablo Sandoval,SF,3B,34,33,82,5,18,1,0,1,6,0,0,6,18,0,1,1,.220,.278,.268,.546
Tommy Pham,SD,OF,32,23,82,9,17,1,0,2,9,6,0,12,21,0,0,1,.207,.316,.293,.609
Tony Wolters,COL,C,28,33,82,6,18,3,0,0,7,0,0,3,22,2,0,0,.220,.247,.256,.503
Joe Panik,TOR,2B,29,28,81,11,21,5,0,0,5,0,0,12,19,0,0,0,.259,.355,.321,.676
Nick Markakis,ATL,OF,36,25,81,9,21,10,0,1,11,0,1,7,15,0,0,1,.259,.326,.420,.746
Cedric Mullins,BAL,OF,25,30,81,9,24,2,1,2,4,5,1,6,22,3,0,1,.296,.352,.420,.772
Sean Murphy,OAK,C,25,32,81,12,18,3,0,4,9,0,0,17,27,0,0,0,.222,.357,.407,.764
Nico Hoerner,CHC,SS,23,34,81,16,19,2,0,0,10,2,1,8,20,0,2,3,.235,.319,.259,.578
Abraham Toro,HOU,3B,23,29,80,13,12,2,0,3,9,1,1,3,21,0,0,5,.150,.227,.288,.515
Mike Tauchman,NYY,OF,29,32,80,13,19,5,0,0,10,5,0,13,24,0,1,1,.238,.347,.300,.647
Clint Frazier,NYY,OF,26,24,80,12,23,5,0,5,17,2,0,15,28,0,0,1,.288,.406,.538,.944
Jason Kipnis,CHC,2B,33,31,80,9,21,6,1,3,14,1,0,16,33,0,1,0,.263,.381,.475,.856
Matt Joyce,MIA,OF,36,29,79,12,22,4,0,2,10,1,0,13,25,0,0,0,.278,.380,.405,.785
Ryan Braun,MIL,OF,36,23,78,6,18,5,1,3,13,1,0,5,16,0,0,1,.231,.286,.436,.722
Andrelton Simmons,LAA,SS,31,19,77,11,24,4,0,0,6,2,0,4,10,0,0,1,.312,.354,.364,.718
Tucker Barnhart,CIN,C,29,27,76,5,14,3,0,3,9,0,0,9,23,0,0,0,.184,.271,.342,.613
Jose Trevino,TEX,C,27,24,76,10,19,8,0,2,9,0,0,3,15,1,2,1,.250,.280,.434,.714
Luis Garcia,WAS,SS,20,22,75,9,22,4,0,1,8,1,1,3,16,0,0,0,.293,.321,.387,.708
Dylan Carlson,STL,OF,21,23,74,6,12,3,0,1,5,1,1,5,23,0,0,0,.162,.215,.243,.458
David Dahl,COL,OF,26,19,74,8,14,2,1,0,7,1,0,4,21,0,1,1,.189,.238,.243,.481
Luis Rengifo,LAA,2B,23,27,73,11,11,1,0,1,2,1,1,13,20,1,0,0,.151,.279,.205,.484
Ryan McBroom,KC,OF,28,33,73,7,19,3,0,5,9,0,0,4,27,0,0,0,.260,.299,.507,.806
Mike Ford,NYY,1B,28,26,72,5,10,4,0,2,11,0,0,6,16,0,1,2,.139,.222,.278,.500
Chance Sisco,BAL,C,25,27,72,10,17,4,0,4,9,0,0,14,31,0,0,4,.236,.389,.458,.847
Scott Kingery,PHI,3B,26,22,71,5,9,1,0,1,4,0,0,4,18,0,0,1,.127,.184,.183,.367
Austin Barnes,LAD,C,30,23,71,9,19,3,0,1,9,2,0,8,22,2,1,0,.268,.338,.352,.690
Jay Bruce,PHI,OF,33,22,71,10,16,3,2,6,14,0,0,5,18,0,0,0,.225,.276,.577,.853
Domingo Santana,CLE,OF,28,24,70,6,11,3,0,2,12,0,0,13,25,0,0,1,.157,.298,.286,.584
Tony Kemp,OAK,2B,28,33,70,11,18,3,0,0,3,2,1,13,14,1,1,2,.257,.384,.300,.684
Willi Castro,DET,SS,23,20,69,10,26,2,2,3,13,0,1,2,19,1,1,1,.377,.397,.594,.991
Austin Hays,BAL,OF,25,19,69,8,14,0,0,1,5,2,2,5,15,0,1,2,.203,.273,.246,.519
James McCann,CWS,C,30,20,69,14,23,2,0,5,12,0,0,5,17,0,2,3,.333,.392,.580,.972
Ehire Adrianza,MIN,SS,31,34,69,8,12,4,0,0,2,1,0,7,15,0,0,0,.174,.250,.232,.482
Dexter Fowler,STL,OF,34,23,68,10,19,2,0,4,14,1,1,6,20,0,0,1,.279,.347,.485,.832
Jose Martinez,TB,OF,32,24,67,10,16,4,0,2,10,0,0,9,20,0,0,0,.239,.329,.388,.717
Mitch Moreland,BOS,1B,35,22,67,14,22,4,0,8,21,0,0,11,18,0,0,1,.328,.430,.746,1.176
Delino DeShields,CLE,OF,28,22,67,5,19,1,1,0,4,2,2,6,18,2,0,0,.284,.342,.328,.670
Yan Gomes,WAS,C,33,18,66,8,18,4,1,2,8,1,0,4,11,0,1,1,.273,.319,.455,.774
Jose Marmolejos,SEA,1B,27,19,66,5,15,2,0,4,12,0,1,4,16,0,0,0,.227,.271,.439,.710
Adam Engel,CWS,OF,28,25,65,9,18,4,0,2,8,1,0,2,13,0,0,2,.277,.319,.431,.750
Myles Straw,HOU,SS,25,26,65,8,16,4,0,0,8,6,2,4,18,0,0,0,.246,.290,.308,.598
Aaron Judge,NYY,OF,28,18,65,16,19,2,0,9,20,0,0,3,19,0,0,2,.292,.343,.738,1.081
Miguel Rojas,MIA,SS,31,21,65,10,23,5,1,2,14,2,1,8,10,0,0,2,.354,.440,.554,.994
Khris Davis,OAK,DH,32,21,64,6,11,3,0,2,8,0,0,6,22,0,0,3,.172,.274,.313,.587
Carter Kieboom,WAS,SS,23,21,64,11,13,1,0,0,8,0,0,13,22,0,1,3,.203,.358,.219,.577
Will Smith,LAD,C,25,24,64,13,15,3,0,6,15,0,0,18,12,0,1,0,.234,.398,.563,.961
Dwight Smith,BAL,OF,27,21,63,9,14,3,0,2,6,1,0,7,19,0,1,1,.222,.306,.365,.671
Stephen Vogt,ARI,C,35,23,63,5,9,5,0,1,5,0,0,6,17,0,1,0,.143,.214,.270,.484
Michael Taylor,WAS,OF,29,25,62,7,12,4,0,4,12,0,0,2,16,0,0,1,.194,.231,.452,.683
Phil Gosselin,PHI,OF,31,26,62,10,19,4,0,3,11,0,0,9,17,0,0,0,.306,.394,.516,.910
Tyler Wade,NYY,2B,25,36,62,11,10,2,0,1,4,3,0,7,17,0,1,2,.161,.264,.242,.506
Bo Bichette,TOR,SS,22,14,61,11,22,4,0,5,13,4,0,3,11,0,0,0,.361,.391,.672,1.063
Dee Strange-Gordon,SEA,2B,32,24,61,8,12,1,0,0,1,1,2,3,13,0,0,2,.197,.258,.213,.471
Starlin Castro,WAS,2B,30,16,60,9,16,3,1,2,4,0,0,3,13,0,0,0,.267,.302,.450,.752
Mike Zunino,TB,C,29,23,60,7,8,3,0,4,9,0,0,6,29,0,0,2,.133,.235,.383,.618
Joey Bart,SF,C,23,18,60,11,17,3,1,0,5,0,0,2,21,0,0,4,.283,.348,.367,.715
Ryan Mountcastle,BAL,1B,23,17,60,10,23,3,0,4,14,0,1,6,12,0,1,1,.383,.441,.633,1.074
Michael Perez,TB,C,28,28,60,5,12,2,0,1,13,0,0,3,18,0,1,1,.200,.246,.283,.529
Lewis Brinson,MIA,OF,26,29,59,8,14,3,0,2,6,2,0,5,18,0,0,0,.237,.297,.390,.687
Darin Ruf,SF,1B,34,28,59,8,18,6,0,3,13,1,0,8,16,0,0,0,.305,.388,.559,.947
Leury Garcia,CWS,OF,29,16,59,6,16,1,0,3,8,0,0,4,9,0,0,0,.271,.317,.441,.758
Roberto Perez,CLE,C,31,19,59,3,11,1,0,1,5,0,0,7,22,0,0,2,.186,.294,.254,.548
Jedd Gyorko,MIL,3B,31,24,58,12,17,1,0,7,12,0,0,8,20,0,0,0,.293,.379,.672,1.051
Austin Slater,SF,OF,27,22,58,11,19,2,1,4,6,7,1,8,15,0,0,2,.328,.426,.603,1.029
Willie Calhoun,TEX,OF,25,18,58,1,10,1,1,0,8,0,0,3,9,0,2,0,.172,.206,.224,.430
Harrison Bader,STL,OF,26,30,58,11,13,7,1,2,4,2,0,8,20,0,1,4,.224,.352,.483,.835
Mike Brosseau,TB,2B,26,27,57,9,18,4,0,5,10,0,0,5,19,0,1,0,.316,.365,.649,1.014
Oscar Mercado,CLE,OF,25,24,57,5,8,1,0,0,4,2,0,5,16,0,0,0,.140,.210,.158,.368
Austin Hedges,SD,C,28,29,57,7,9,1,0,3,6,1,1,6,18,5,1,2,.158,.258,.333,.591
Sandy Leon,CLE,C,31,20,57,4,8,1,0,2,3,0,0,11,18,0,0,1,.140,.290,.263,.553
Andrew Velazquez,BAL,2B,26,34,56,8,10,1,1,0,3,4,2,6,18,3,0,0,.179,.258,.232,.490
Daulton Varsho,ARI,C,24,24,56,8,8,2,0,2,4,1,0,5,19,0,0,1,.143,.226,.286,.512
Miguel Andujar,NYY,DH,25,19,55,5,12,1,1,1,3,0,0,3,8,0,0,0,.218,.259,.327,.586
Ty France,SD,2B,26,20,55,9,17,4,0,2,10,0,0,5,15,0,0,1,.309,.377,.491,.868
Danny Santana,TEX,1B,29,15,55,6,8,4,0,1,7,2,0,7,24,0,1,0,.145,.238,.273,.511
Jose Osuna,PIT,1B,27,18,54,1,8,1,0,1,7,0,0,2,13,0,0,0,.148,.179,.222,.401
Jorge Alfaro,MIA,C,27,17,54,8,11,2,0,1,6,2,0,2,22,0,0,3,.204,.271,.296,.567
Leody Taveras,TEX,OF,22,16,54,10,12,3,0,2,2,3,0,8,20,0,0,0,.222,.323,.389,.712
Jonathan Arauz,BOS,SS,22,18,54,6,12,2,0,0,5,0,0,5,14,0,0,0,.222,.288,.259,.547
Chadwick Tromp,SF,C,25,20,54,9,10,1,0,3,7,0,0,1,18,0,2,0,.185,.193,.370,.563
Daniel Vogelbach,SEA,1B,27,18,53,3,5,1,0,2,4,0,0,11,13,0,0,0,.094,.250,.226,.476
Kyle Farmer,CIN,2B,30,23,53,2,13,3,0,0,4,1,0,2,11,0,0,1,.245,.286,.302,.588
Curt Casali,CIN,C,31,21,53,7,12,2,0,5,7,0,0,10,19,0,0,3,.226,.379,.547,.926
Francisco Cervelli,MIA,C,34,16,53,10,13,2,0,3,7,1,0,8,14,0,0,1,.245,.355,.453,.808
Hunter Pence,SF,OF,37,17,52,4,5,0,1,2,6,0,0,3,15,0,0,1,.096,.161,.250,.411
Jason Castro,LAA,C,33,18,52,5,10,4,0,2,6,0,0,10,23,0,0,0,.192,.323,.385,.708
Max Stassi,LAA,C,29,20,52,8,13,0,0,4,11,0,0,6,9,0,1,1,.250,.333,.481,.814
Mitch Garver,MIN,C,29,17,52,7,8,0,0,1,2,0,0,7,24,0,1,1,.154,.262,.212,.474
Scott Heineman,TEX,OF,27,24,52,6,8,3,0,1,7,3,0,2,11,0,0,0,.154,.185,.269,.454
Jordan Luplow,CLE,OF,26,19,52,5,8,2,0,1,4,0,1,9,9,0,1,1,.154,.286,.250,.536
Isaac Paredes,DET,3B,21,19,51,3,8,1,0,1,6,0,0,5,16,0,0,0,.157,.232,.235,.467
Jarrod Dyson,PIT,OF,36,21,51,6,8,0,0,0,5,4,0,4,10,0,0,0,.157,.218,.157,.375
Cam Gallagher,KC,C,27,23,50,8,13,5,0,1,3,0,0,5,11,1,0,0,.260,.327,.420,.747
Santiago Espinal,TOR,SS,25,22,50,8,12,3,0,0,2,1,0,3,15,1,1,0,.240,.278,.300,.578
Nick Madrigal,CWS,2B,23,14,50,4,19,2,0,0,6,1,0,2,5,0,0,0,.380,.404,.420,.824
Sam Haggerty,SEA,2B,26,13,50,7,13,4,0,1,6,4,0,4,16,0,0,0,.260,.315,.400,.715
Ozzie Albies,ATL,2B,23,12,50,7,10,2,0,2,8,1,1,2,14,0,0,0,.200,.231,.360,.591
Matt Beaty,LAD,1B,27,21,50,8,11,1,0,2,5,0,0,2,14,0,0,2,.220,.278,.360,.638
Garrett Cooper,MIA,1B,29,13,50,7,14,5,0,3,11,0,0,3,9,0,0,0,.280,.321,.560,.881
Chad Pinder,OAK,2B,28,21,49,8,11,3,0,2,6,0,0,4,11,0,0,0,.224,.283,.408,.691
Matt Adams,ATL,1B,32,16,49,4,9,2,0,2,9,0,0,2,18,0,0,0,.184,.216,.347,.563
Chris Davis,BAL,1B,34,15,49,3,6,3,0,0,1,0,0,3,16,0,0,0,.122,.173,.184,.357
Kevin Plawecki,BOS,C,29,15,48,6,17,4,0,1,11,1,0,2,8,0,0,2,.354,.404,.500,.904
Jorge Bonifacio,DET,OF,27,17,47,6,9,2,0,1,10,0,0,1,15,0,0,2,.191,.240,.298,.538
Brandon Drury,TOR,3B,28,21,46,3,7,1,0,0,1,0,0,2,9,0,1,0,.152,.184,.174,.358
Tim Locastro,ARI,OF,28,26,46,11,11,3,1,1,4,3,0,6,12,1,0,2,.239,.352,.413,.765
Mallex Smith,SEA,OF,27,14,45,2,6,2,0,0,3,2,0,2,13,0,0,0,.133,.170,.178,.348
Grayson Greiner,DET,C,27,16,45,8,6,2,0,3,8,0,0,3,18,0,0,1,.133,.204,.378,.582
Taylor Ward,LAA,OF,26,19,45,7,10,1,2,0,2,0,0,6,15,0,0,0,.222,.314,.333,.647
Nick Senzel,CIN,OF,25,14,45,7,11,5,0,2,8,2,1,6,10,0,1,0,.244,.327,.489,.816
JT Riddle,PIT,OF,28,15,45,6,7,2,0,1,1,1,0,2,6,0,0,0,.156,.191,.267,.458
Tyler Flowers,ATL,C,34,14,45,4,12,5,0,1,5,0,0,6,21,0,0,1,.267,.365,.444,.809
Josh Harrison,WAS,2B,33,18,44,7,13,2,0,3,9,1,1,3,6,0,2,3,.295,.365,.545,.910
Greg Garcia,SD,2B,31,28,44,4,11,3,0,0,7,1,0,6,11,2,0,0,.250,.340,.318,.658
Jake Lamb,ARI,3B,29,18,43,2,5,1,0,0,1,0,1,6,17,0,0,1,.116,.240,.140,.380
Matt Davidson,CIN,1B,29,22,43,3,7,1,0,3,11,0,0,4,13,0,0,0,.163,.234,.395,.629
Edwin Rios,LAD,1B,26,19,43,6,9,4,0,3,9,0,0,3,11,0,1,2,.209,.286,.512,.798
Luis Guillorme,NYM,2B,25,22,43,4,17,4,0,0,9,2,0,7,12,0,1,0,.395,.471,.488,.959
Alex Avila,MIN,C,33,20,42,6,7,1,0,1,2,0,0,10,21,0,0,2,.167,.352,.262,.614
Derek Dietrich,TEX,2B,31,17,42,5,7,1,0,2,4,1,0,4,14,0,0,4,.167,.300,.333,.633
Robinson Chirinos,TEX,C,36,14,42,3,5,1,0,0,2,0,0,5,12,0,1,1,.119,.224,.143,.367
Adeiny Hechavarria,ATL,SS,31,20,42,6,11,2,0,0,0,0,0,2,10,0,0,0,.262,.295,.310,.605
C.J. Cron,DET,1B,30,13,42,9,8,3,0,4,8,0,0,9,16,0,0,1,.190,.346,.548,.894
Cameron Maybin,DET,OF,33,14,41,5,10,4,0,1,2,0,0,4,13,0,0,0,.244,.311,.415,.726
Josh Donaldson,MIN,3B,34,15,41,8,10,2,0,3,8,0,0,10,14,0,1,1,.244,.396,.512,.908
Giancarlo Stanton,NYY,OF,30,14,41,10,12,3,0,3,7,1,1,10,11,0,0,2,.293,.453,.585,1.038
Chris Owings,COL,2B,29,17,41,9,11,1,0,2,5,1,0,3,11,0,0,0,.268,.318,.439,.757
Reese McGuire,TOR,C,25,19,41,2,3,0,0,1,1,0,0,0,11,4,0,0,.073,.073,.146,.219
Tyler Heineman,SF,C,29,13,41,3,8,1,0,0,1,1,0,4,6,1,0,1,.195,.283,.220,.503
Vimael Machin,OAK,2B,26,16,40,6,9,1,0,0,0,0,0,6,9,0,0,0,.225,.326,.250,.576
Bubba Starling,KC,OF,28,26,40,5,10,1,0,1,5,0,0,3,16,0,1,0,.250,.295,.350,.645
Thairo Estrada,NYY,2B,24,22,40,6,8,0,0,1,3,1,0,0,16,0,0,3,.200,.256,.275,.531
John Ryan Murphy,PIT,C,29,19,40,5,7,1,0,0,2,0,0,3,20,1,0,0,.175,.233,.200,.433
Neil Walker,PHI,1B,35,18,39,5,9,3,0,0,3,0,0,1,13,0,1,0,.231,.244,.308,.552
Manny Pina,MIL,C,33,15,39,4,9,1,0,2,5,0,0,3,11,0,0,3,.231,.333,.410,.743
Andrew Benintendi,BOS,OF,26,14,39,4,4,1,0,0,1,1,2,11,17,1,0,1,.103,.314,.128,.442
Lewin Diaz,MIA,1B,23,14,39,2,6,2,0,0,3,0,0,2,12,0,0,0,.154,.195,.205,.400
Phillip Evans,PIT,3B,28,11,39,6,14,2,0,1,9,0,1,5,7,0,0,1,.359,.444,.487,.931
Francisco Mejia,SD,C,24,16,38,5,3,1,0,1,2,0,0,1,9,0,0,2,.079,.146,.184,.330
Jon Jay,ARI,OF,35,14,38,4,4,1,0,1,4,0,0,2,10,0,3,1,.105,.159,.211,.370
Eddy Alvarez,MIA,SS,30,12,37,6,7,1,0,0,2,2,0,3,16,0,0,1,.189,.268,.216,.484
Gavin Lux,LAD,2B,22,10,37,6,7,2,0,2,6,1,0,5,11,0,0,0,.189,.286,.405,.691
Bradley Zimmer,CLE,OF,27,20,37,3,6,0,0,1,3,2,1,7,14,0,1,5,.162,.360,.243,.603
Magneuris Sierra,MIA,OF,24,15,36,8,10,3,1,0,7,4,1,5,7,1,1,1,.278,.372,.417,.789
Ronald Guzman,TEX,1B,25,13,36,5,12,1,1,2,5,0,0,4,9,0,0,1,.333,.415,.583,.998
Mark Mathias,MIL,2B,26,16,36,2,10,3,0,0,4,1,0,0,7,0,0,0,.278,.278,.361,.639
Josh Naylor,SD,OF,23,18,36,4,10,0,1,1,4,1,0,1,4,0,0,1,.278,.316,.417,.733
Aledmys Diaz,HOU,2B,30,11,36,4,7,1,0,2,4,0,0,1,9,0,0,0,.194,.216,.389,.605
Monte Harrison,MIA,OF,25,16,36,3,4,1,0,1,3,1,0,3,22,0,0,0,.111,.179,.222,.401
Jack Mayfield,HOU,SS,29,15,35,3,7,1,0,0,2,0,0,1,11,1,0,0,.200,.222,.229,.451
Adam Haseley,PHI,OF,24,24,35,3,8,3,0,0,3,0,0,4,11,2,0,1,.229,.325,.314,.639
Phillip Ervin,CIN,OF,28,19,35,5,3,0,0,0,0,1,0,6,8,0,0,1,.086,.238,.086,.324
Starling Marte,MIA,OF,31,8,35,5,7,1,0,2,4,1,0,1,7,0,0,0,.200,.222,.400,.622
Ryan Jeffers,MIN,C,23,17,35,3,10,0,0,1,3,0,0,3,13,0,0,2,.286,.375,.371,.746
Jose Garcia,CIN,SS,22,10,34,1,5,0,0,0,1,1,1,1,13,0,0,0,.147,.171,.147,.318
Jeff Mathis,TEX,C,37,15,34,4,7,0,1,1,4,1,0,5,10,0,1,0,.206,.300,.353,.653
Logan Forsythe,MIA,3B,33,13,34,2,4,1,0,1,2,0,0,4,12,0,0,0,.118,.211,.235,.446
Josh VanMeter,CIN,OF,25,14,34,3,2,1,0,1,1,1,0,3,16,0,0,1,.059,.158,.176,.334
Edward Olivares,SD,OF,24,13,34,4,6,1,0,1,3,0,1,2,14,0,0,0,.176,.222,.294,.516
Tzu-Wei Lin,BOS,2B,26,17,33,2,7,1,0,0,2,0,0,1,13,1,0,0,.212,.235,.242,.477
Elias Diaz,COL,C,29,14,33,1,8,1,0,0,0,0,0,5,9,0,0,0,.242,.342,.273,.615
Anthony Bemboom,LAA,C,30,15,32,7,6,1,0,1,2,0,1,6,8,2,0,2,.188,.350,.313,.663
Drew Butera,COL,C,37,23,32,4,6,2,0,0,4,0,0,2,9,1,1,0,.188,.229,.250,.479
Tommy La Stella,OAK,2B,31,8,32,5,9,4,0,0,4,0,0,2,1,0,0,0,.281,.324,.406,.730
Bobby Dalbec,BOS,3B,25,9,32,6,8,0,0,5,8,0,0,3,16,0,0,0,.250,.314,.719,1.033
Josh Fuentes,COL,1B,27,13,32,3,10,3,0,1,6,1,0,1,12,0,1,1,.313,.343,.500,.843
Jared Walsh,LAA,1B,27,16,31,6,6,2,0,2,5,0,0,1,6,0,2,0,.194,.206,.452,.658
Austin Allen,OAK,C,26,14,31,1,6,1,0,1,3,0,0,1,14,0,0,0,.194,.219,.323,.542
Brett Phillips,KC,OF,26,18,31,8,7,0,1,1,2,3,1,3,8,0,0,0,.226,.294,.387,.681
Yoenis Cespedes,NYM,OF,34,8,31,3,5,1,0,2,4,0,0,2,15,0,0,1,.161,.235,.387,.622
Kevin Pillar,COL,OF,31,8,31,5,6,0,1,1,6,1,0,2,7,0,0,0,.194,.242,.355,.597
Jonathan Villar,TOR,2B,29,9,31,1,6,0,0,0,2,0,0,5,7,0,0,0,.194,.306,.194,.500
Brock Holt,MIL,2B,32,16,30,1,3,0,0,0,1,0,0,4,9,0,1,1,.100,.222,.100,.322
Brock Holt,WAS,2B,32,9,30,5,12,4,0,0,2,0,0,2,7,0,0,0,.400,.438,.533,.971
Rob Refsnyder,TEX,OF,29,15,30,4,6,1,0,0,1,0,0,2,11,0,1,1,.200,.265,.233,.498
Albert Almora,CHC,OF,26,28,30,4,5,1,0,0,1,0,0,3,9,0,0,1,.167,.265,.200,.465
DJ Stewart,BAL,OF,26,14,30,9,8,0,0,5,7,0,0,11,14,2,0,2,.267,.488,.767,1.255
Josh Rojas,ARI,OF,26,9,30,4,6,0,0,0,1,1,0,3,12,0,1,0,.200,.265,.200,.465
Harold Castro,DET,2B,26,15,29,4,8,3,0,0,1,0,0,4,6,0,0,0,.276,.364,.379,.743
Andrew Knapp,PHI,C,28,17,28,3,12,3,0,1,6,0,0,8,6,0,0,1,.429,.568,.643,1.211
Steven Duggar,SF,OF,26,16,28,3,3,2,0,0,2,0,0,0,10,0,0,1,.107,.138,.179,.317
LaMonte Wade,MIN,OF,26,11,27,1,7,2,0,0,1,1,1,1,8,0,0,0,.259,.286,.333,.619
Derek Fisher,TOR,OF,27,14,27,4,7,2,1,1,6,0,1,6,10,0,1,0,.259,.382,.519,.901
Mitch Moreland,SD,1B,35,8,27,3,5,1,0,1,2,0,0,2,6,0,0,0,.185,.241,.333,.574
Erik Kratz,NYY,C,40,10,27,2,8,2,0,0,4,0,0,1,6,0,0,0,.296,.321,.370,.691
Steven Souza,CHC,OF,31,11,27,3,4,2,0,1,5,1,0,4,15,0,0,0,.148,.258,.333,.591
Kyle Higashioka,NYY,C,30,8,26,2,5,0,0,0,0,0,0,0,6,0,0,0,.192,.192,.192,.384
Jake Marisnick,NYM,OF,29,12,26,4,10,2,0,2,4,0,0,0,7,0,0,0,.385,.385,.692,1.077
Mike Freeman,CLE,2B,33,17,26,4,7,3,0,0,2,0,0,1,8,0,1,1,.269,.310,.385,.695
Franchy Cordero,KC,OF,26,11,26,2,4,2,0,0,2,1,0,1,2,0,0,0,.154,.185,.231,.416
Edward Olivares,KC,OF,24,6,26,4,10,1,1,1,5,0,1,0,7,0,0,0,.385,.385,.615,1.000
Andy Young,ARI,2B,26,12,26,3,5,2,0,1,4,0,0,5,10,0,0,3,.192,.382,.385,.767
Josh Naylor,CLE,OF,23,8,25,3,5,0,0,0,2,0,0,0,3,0,0,0,.200,.200,.200,.400
Jesus Sanchez,MIA,OF,22,10,25,1,1,1,0,0,2,0,0,4,11,0,0,0,.040,.172,.080,.252
Greg Allen,CLE,OF,27,15,25,3,4,1,0,1,4,1,0,1,9,0,1,1,.160,.214,.320,.534
Dustin Garneau,HOU,C,33,12,25,4,4,0,1,1,4,0,0,4,9,1,0,0,.160,.276,.360,.636
Austin Nola,SD,C,30,7,25,4,7,2,0,2,6,0,0,3,6,0,0,1,.280,.379,.600,.979
Logan Morrison,MIL,1B,33,9,25,3,3,1,0,1,2,0,0,3,8,0,0,0,.120,.214,.280,.494
Anderson Tejeda,TEX,SS,22,8,24,3,5,1,0,2,4,2,0,1,10,0,0,0,.208,.240,.500,.740
Ke'Bryan Hayes,PIT,3B,23,7,24,5,8,1,2,1,3,0,0,3,8,0,0,0,.333,.407,.667,1.074
Tomas Nido,NYM,C,26,7,24,4,7,1,0,2,6,0,0,2,6,0,0,0,.292,.346,.583,.929
Joseph Odom,SEA,C,28,11,24,1,2,0,0,0,2,0,0,2,12,1,0,0,.083,.154,.083,.237
Jake Fraley,SEA,OF,25,6,23,3,4,1,1,0,0,2,1,2,8,0,0,1,.174,.269,.304,.573
Lane Thomas,STL,OF,25,12,23,4,3,2,0,0,0,0,0,4,7,0,0,0,.130,.259,.217,.476
Christian Colon,CIN,2B,31,11,23,3,3,1,0,0,2,1,0,1,3,0,0,0,.130,.167,.174,.341
Bryan Holaday,BAL,C,32,16,23,5,5,1,0,0,4,0,0,1,4,0,0,0,.217,.250,.261,.511
Ildemaro Vargas,MIN,2B,29,10,22,3,5,1,1,0,2,0,0,1,2,0,1,0,.227,.250,.364,.614
Billy Hamilton,NYM,OF,30,17,22,4,1,0,0,0,1,3,1,1,3,1,1,0,.045,.083,.045,.128
Cameron Maybin,CHC,OF,33,8,22,1,5,2,0,0,0,1,0,0,6,0,0,0,.227,.227,.318,.545
Travis Demeritte,DET,OF,25,14,22,5,4,1,0,0,4,0,0,2,12,0,0,1,.182,.280,.227,.507
Jorge Mateo,SD,SS,25,15,21,2,3,2,0,0,1,0,0,1,8,1,0,0,.143,.182,.238,.420
Yairo Munoz,BOS,3B,25,6,21,4,10,3,0,1,4,0,0,0,3,0,0,0,.476,.476,.762,1.238
Jace Peterson,MIL,OF,30,12,21,2,5,0,0,1,2,1,0,7,8,0,0,0,.238,.429,.381,.810
Meibrys Viloria,KC,C,23,15,21,1,4,1,0,0,0,0,0,2,9,0,0,1,.190,.292,.238,.530
Brendan Rodgers,COL,2B,24,7,21,1,2,1,0,0,2,0,0,0,6,0,0,0,.095,.095,.143,.238
Ty France,SEA,2B,26,6,21,3,7,1,1,0,4,0,0,3,5,0,0,0,.333,.417,.476,.893
Taylor Jones,HOU,1B,26,7,21,3,4,1,0,1,3,0,0,1,7,0,0,0,.190,.227,.381,.608
Beau Taylor,CLE,C,30,7,21,1,1,0,0,0,2,0,0,2,9,1,0,0,.048,.130,.048,.178
Ildemaro Vargas,ARI,2B,29,8,20,2,3,0,0,0,0,0,0,1,5,0,0,0,.150,.190,.150,.340
Randy Arozarena,TB,OF,25,8,20,6,8,0,0,4,5,1,0,3,4,0,0,1,.400,.500,1.000,1.500
Jazz Chisholm,MIA,SS,22,7,20,3,3,0,1,1,2,1,1,1,6,0,0,0,.150,.190,.400,.590
Nicky Delmonico,CWS,OF,28,6,20,0,3,0,0,0,3,0,0,2,2,0,0,0,.150,.227,.150,.377
Eli White,TEX,2B,26,8,20,3,1,1,0,0,2,0,1,2,7,0,1,0,.050,.130,.100,.230
Jacob Nottingham,MIL,C,25,8,19,5,4,0,0,2,5,0,0,2,9,0,0,1,.211,.318,.526,.844
Matt Thaiss,LAA,3B,25,7,18,3,3,0,0,1,1,0,0,2,7,0,0,0,.167,.250,.333,.583
Brent Rooker,MIN,OF,25,6,18,3,5,1,0,1,5,0,0,0,5,0,0,1,.278,.316,.500,.816
Luis Torrens,SEA,C,24,5,18,2,4,1,0,0,0,0,0,2,4,0,0,0,.222,.300,.278,.578
Brian Goodwin,CIN,OF,29,8,18,0,3,1,0,0,0,4,0,2,6,0,0,0,.167,.250,.222,.472
Aristides Aquino,CIN,OF,26,11,18,2,4,1,0,0,3,1,0,5,7,0,0,1,.222,.417,.278,.695
Mark Payton,CIN,OF,28,8,18,0,3,1,0,0,0,1,0,2,5,0,0,0,.167,.250,.222,.472
Mason Williams,BAL,OF,29,10,18,0,2,0,1,0,0,0,1,0,9,0,0,0,.111,.111,.222,.333
Lorenzo Cain,MIL,OF,34,5,18,4,6,1,0,0,2,0,0,3,2,0,0,0,.333,.429,.389,.818
Matt Wieters,STL,C,34,9,17,1,1,0,0,0,1,0,0,1,6,0,0,1,.059,.158,.059,.217
Todd Frazier,NYM,3B,34,4,17,4,4,2,0,1,1,0,0,0,5,0,0,1,.235,.278,.529,.807
Franklin Barreto,LAA,2B,24,6,17,0,2,0,0,0,2,1,0,0,8,0,0,1,.118,.167,.118,.285
Max Schrock,STL,2B,25,11,17,1,3,0,0,1,1,0,0,0,6,0,0,0,.176,.176,.353,.529
Kevin Cron,ARI,1B,27,8,17,0,0,0,0,0,0,0,0,1,7,0,0,2,.000,.150,.000,.150
Joe Hudson,SEA,C,29,9,17,0,3,0,0,0,0,0,0,2,5,1,0,0,.176,.263,.176,.439
Anthony Alford,TOR,OF,26,13,16,3,3,0,0,1,3,3,0,0,7,0,0,0,.188,.188,.375,.563
Braden Bishop,SEA,OF,27,7,16,1,3,1,0,0,3,1,0,1,8,0,0,1,.188,.278,.250,.528
Guillermo Heredia,PIT,OF,29,8,16,2,3,0,0,0,2,1,0,2,4,0,0,0,.188,.278,.188,.466
Zack Collins,CWS,DH,25,9,16,1,1,1,0,0,0,0,0,2,5,0,0,0,.063,.167,.125,.292
Andrew Knizner,STL,C,25,8,16,1,4,1,0,0,4,0,0,0,5,0,1,0,.250,.235,.313,.548
Josh Phegley,CHC,C,32,11,16,4,1,0,0,1,2,0,0,1,3,0,0,1,.063,.167,.250,.417
Travis Jankowski,CIN,OF,28,16,15,3,1,0,0,0,0,2,1,2,7,0,0,0,.067,.176,.067,.243
Brian Dozier,NYM,2B,33,7,15,1,2,0,0,0,0,0,0,1,5,0,0,0,.133,.188,.133,.321
Wilmer Difo,WAS,SS,28,12,14,1,1,0,0,0,1,0,0,3,4,0,1,0,.071,.222,.071,.293
Jose Martinez,CHC,OF,32,6,14,0,0,0,0,0,0,0,0,1,3,0,0,0,.000,.067,.000,.067
Robinson Chirinos,NYM,C,36,4,14,0,2,1,0,0,1,0,0,0,5,0,0,0,.143,.143,.214,.357
Nate Lowe,TB,1B,25,5,13,0,1,1,0,0,0,0,0,3,6,0,0,0,.077,.250,.154,.404
Phillip Ervin,SEA,OF,28,5,13,0,2,1,0,0,1,0,0,2,2,0,0,0,.154,.267,.231,.498
Tyrone Taylor,MIL,OF,26,6,13,3,5,3,0,1,3,0,0,0,3,0,0,1,.385,.429,.846,1.275
Daniel Robertson,SF,2B,26,6,13,2,3,0,0,0,2,0,0,2,4,0,0,0,.231,.333,.231,.564
Daniel Vogelbach,MIL,1B,27,4,13,1,5,1,0,0,1,0,0,2,3,0,0,0,.385,.467,.462,.929
Anthony Alford,PIT,OF,26,5,12,2,3,0,1,1,4,0,0,1,1,0,0,0,.250,.308,.667,.975
Daniel Johnson,CLE,OF,25,5,12,0,1,0,0,0,0,0,0,1,5,0,0,0,.083,.154,.083,.237
Jaylin Davis,SF,OF,26,4,12,2,2,0,0,1,1,0,0,0,6,0,0,0,.167,.167,.417,.584
Jason Castro,SD,C,33,3,12,2,3,3,0,0,2,0,0,1,3,0,0,0,.250,.308,.500,.808
Abraham Almonte,SD,OF,31,6,11,0,1,0,0,0,0,1,1,2,4,0,0,0,.091,.231,.091,.322
Ryan Lavarnway,MIA,C,33,5,11,0,4,0,0,0,0,0,0,0,2,0,0,0,.364,.364,.364,.728
Jordy Mercer,NYY,SS,34,6,11,1,2,0,0,0,0,0,0,2,1,0,0,0,.182,.308,.182,.490
Rangel Ravelo,STL,1B,28,3,11,0,2,1,0,0,2,0,0,0,2,0,0,0,.182,.182,.273,.455
Kyle Garlick,PHI,OF,28,7,11,0,2,0,0,0,0,0,0,0,3,0,0,0,.182,.182,.182,.364
Luis Torrens,SD,C,24,7,11,0,3,1,0,0,0,0,0,1,2,1,0,0,.273,.333,.364,.697
Kevan Smith,TB,C,32,9,11,1,3,2,0,0,3,0,0,4,4,0,0,0,.273,.467,.455,.922
Jonah Heim,OAK,C,25,4,11,3,3,0,0,0,2,0,0,2,1,0,0,0,.273,.385,.273,.658
Harold Ramirez,MIA,OF,26,3,10,2,2,0,0,0,1,0,1,1,2,0,0,0,.200,.273,.200,.473
Dawel Lugo,DET,3B,25,9,10,3,2,0,0,0,1,0,0,1,1,0,0,0,.200,.273,.200,.473
Wyatt Mathisen,ARI,3B,26,3,10,1,1,0,0,0,0,0,0,1,5,0,0,0,.100,.182,.100,.282
Franklin Barreto,OAK,2B,24,15,10,5,0,0,0,0,0,0,0,0,7,0,0,0,.000,.000,.000,.000
Joe McCarthy,SF,OF,26,4,10,0,0,0,0,0,0,0,0,0,5,0,0,0,.000,.000,.000,.000
William Contreras,ATL,C,22,4,10,0,4,1,0,0,1,0,0,0,4,0,0,0,.400,.400,.500,.900
Chad Wallach,MIA,C,28,4,10,1,1,1,0,0,0,0,0,2,1,0,0,0,.100,.250,.200,.450
Jordy Mercer,DET,SS,34,3,9,1,2,0,0,0,0,0,0,0,1,0,0,0,.222,.222,.222,.444
Ryan Goins,CWS,3B,32,14,9,4,0,0,0,0,0,0,0,1,1,0,0,0,.000,.100,.000,.100
Yu Chang,CLE,3B,25,8,9,1,2,0,0,0,1,0,0,2,4,0,0,0,.222,.364,.222,.586
Isan Diaz,MIA,2B,24,2,9,2,2,0,0,0,0,0,0,0,3,0,0,0,.222,.222,.222,.444
Ali Sanchez,NYM,C,23,5,9,0,1,0,0,0,0,0,0,1,3,0,0,0,.111,.200,.111,.311
Garrett Stubbs,HOU,C,27,14,8,1,1,0,0,0,1,0,1,0,0,1,1,0,.125,.111,.125,.236
Sergio Alcantara,DET,SS,24,3,8,1,2,0,1,1,1,0,0,0,2,0,0,0,.250,.250,.875,1.125
Keibert Ruiz,LAD,C,22,2,8,1,2,0,0,1,1,0,0,0,3,0,0,0,.250,.250,.625,.875
Yordan Alvarez,HOU,DH,23,2,8,2,2,0,0,1,4,0,0,0,1,0,0,1,.250,.333,.625,.958
Erick Mejia,KC,OF,25,6,8,0,0,0,0,0,0,0,0,0,5,1,0,0,.000,.000,.000,.000
Michael Hermosillo,LAA,OF,25,7,8,0,2,0,0,0,2,1,0,1,1,0,1,0,.250,.300,.250,.550
Caleb Joseph,TOR,C,34,3,8,2,1,0,0,1,2,0,0,1,1,0,0,0,.125,.222,.500,.722
Willians Astudillo,MIN,C,28,5,8,3,3,1,0,0,2,0,0,0,1,0,0,0,.375,.375,.500,.875
Charlie Culberson,ATL,OF,31,10,7,2,1,1,0,0,1,0,0,0,4,0,0,0,.143,.143,.286,.429
Alex Jackson,ATL,C,24,5,7,0,2,1,0,0,0,0,0,0,4,0,0,0,.286,.286,.429,.715
Jonathan Davis,TOR,OF,28,2,6,1,2,1,0,1,2,0,0,0,2,0,0,0,.333,.333,1.000,1.333
Nick Heath,KC,OF,26,5,6,1,2,1,0,0,2,2,0,1,3,0,0,0,.333,.429,.500,.929
Adolis Garcia,TEX,OF,28,3,6,0,0,0,0,0,0,0,0,1,4,0,0,0,.000,.143,.000,.143
Jason Martin,PIT,OF,25,4,6,2,0,0,0,0,0,0,0,2,2,0,0,0,.000,.250,.000,.250
Ryon Healy,MIL,3B,28,3,6,0,1,0,0,0,0,0,0,0,2,0,0,0,.167,.167,.167,.334
Hernan Perez,CHC,2B,29,3,6,0,1,0,0,0,0,0,0,0,2,0,0,0,.167,.167,.167,.334
Yolmer Sanchez,CWS,2B,28,4,6,3,2,2,0,0,0,0,0,2,2,0,0,0,.333,.500,.667,1.167
Matt Reynolds,KC,3B,29,2,6,1,0,0,0,0,0,0,0,0,4,0,0,0,.000,.000,.000,.000
Dilson Herrera,BAL,2B,26,3,5,0,0,0,0,0,0,0,0,0,4,0,0,1,.000,.167,.000,.167
Ramon Urias,BAL,2B,26,5,5,0,1,0,0,0,0,0,0,1,1,0,0,0,.200,.333,.200,.533
Yadiel Rivera,TEX,SS,28,4,5,0,0,0,0,0,0,1,0,0,1,0,0,0,.000,.000,.000,.000
Jose Briceno,LAA,C,27,2,5,0,1,0,0,0,0,0,0,1,1,0,0,0,.200,.333,.200,.533
Joey Rickard,SF,OF,29,4,5,1,0,0,0,0,0,0,0,1,1,0,0,0,.000,.167,.000,.167
Brian Navarreto,MIA,C,25,2,5,0,2,0,0,0,0,0,0,0,1,0,0,0,.400,.400,.400,.800
Derek Hill,DET,OF,24,4,5,0,0,0,0,0,0,0,0,0,3,0,0,0,.000,.000,.000,.000
Brian O'Grady,TB,OF,28,2,5,2,2,1,0,0,0,1,0,0,1,0,0,0,.400,.400,.600,1.000
Andrew Stevenson,WAS,OF,26,3,5,1,0,0,0,0,0,1,0,1,3,0,0,0,.000,.167,.000,.167
John Nogowski,STL,1B,27,1,4,0,1,0,0,0,0,0,0,0,1,0,0,0,.250,.250,.250,.500
Will Craig,PIT,1B,25,2,4,0,0,0,0,0,0,0,0,0,1,0,0,0,.000,.000,.000,.000
Cristian Pache,ATL,OF,21,2,4,0,1,0,0,0,0,0,0,0,2,0,0,0,.250,.250,.250,.500
Seth Brown,OAK,OF,28,4,4,0,0,0,0,0,0,0,0,0,1,0,0,0,.000,.000,.000,.000
Ryan Cordell,NYM,OF,28,4,4,0,1,0,0,0,0,1,0,0,2,0,0,0,.250,.250,.250,.500
Daniel Vogelbach,TOR,1B,27,2,4,0,0,0,0,0,0,0,0,1,2,0,0,0,.000,.200,.000,.200
Austin Hedges,CLE,C,28,2,4,0,0,0,0,0,0,0,0,0,4,0,0,0,.000,.000,.000,.000
Oscar Hernandez,KC,C,27,4,4,1,2,0,0,0,0,0,0,0,1,0,0,0,.500,.500,.500,1.000
Rene Rivera,NYM,C,37,2,4,0,1,0,0,0,0,0,0,0,3,0,0,0,.250,.250,.250,.500
Emilio Bonifacio,WAS,OF,35,3,3,1,0,0,0,0,0,0,1,0,2,0,0,0,.000,.000,.000,.000
Rob Brantly,SF,C,31,1,3,0,0,0,0,0,0,0,0,0,0,0,0,0,.000,.000,.000,.000
Ildemaro Vargas,CHC,2B,29,1,3,0,1,0,0,0,0,0,0,0,1,0,0,0,.333,.333,.333,.666
Billy McKinney,TOR,OF,26,2,3,1,2,0,0,0,0,0,0,0,0,0,0,0,.667,.667,.667,1.334
Christian Arroyo,BOS,3B,25,1,3,0,1,0,0,0,0,0,0,0,0,0,0,0,.333,.333,.333,.666
Donovan Walton,SEA,SS,26,1,3,0,0,0,0,0,0,0,0,1,2,0,0,0,.000,.250,.000,.250
Daz Cameron,DET,OF,23,1,3,0,0,0,0,0,0,0,0,0,1,0,0,0,.000,.000,.000,.000
Estevan Florial,NYY,OF,22,1,3,0,1,0,0,0,0,0,0,0,2,0,0,0,.333,.333,.333,.666
Deivy Grullon,BOS,C,24,1,3,0,1,0,0,0,1,0,0,1,1,0,0,0,.333,.500,.333,.833
Luis Campusano,SD,C,21,1,3,2,1,0,0,1,1,0,0,0,2,0,0,1,.333,.500,1.333,1.833
Jorge Ona,SD,OF,23,2,3,0,0,0,0,0,0,0,0,1,1,0,0,0,.000,.250,.000,.250
Tyler Stephenson,CIN,C,24,1,2,2,2,0,0,1,2,0,0,1,0,0,0,0,1.000,1.000,2.500,3.500
Brett Phillips,TB,OF,26,4,2,1,0,0,0,0,0,1,0,0,1,0,0,0,.000,.000,.000,.000
Eduardo Nunez,NYM,2B,33,2,2,0,1,0,0,0,0,1,0,0,0,0,0,0,.500,.500,.500,1.000
Jarrod Dyson,CWS,OF,36,6,1,2,0,0,0,0,0,0,0,0,0,0,0,0,.000,.000,.000,.000
Cheslor Cuthbert,CWS,1B,27,1,1,0,0,0,0,0,0,0,0,0,0,0,0,0,.000,.000,.000,.000
Scott Schebler,ATL,OF,29,1,1,0,0,0,0,0,0,0,0,0,0,0,0,0,.000,.000,.000,.000
Yermin Mercedes,CWS,C,27,1,1,0,0,0,0,0,0,0,0,0,0,0,0,0,.000,.000,.000,.000
Luis Alexander Basabe,SF,OF,24,3,1,1,0,0,0,0,0,0,0,0,0,0,0,0,.000,.000,.000,.000
Aaron Whitefield,MIN,OF,24,3,1,1,0,0,0,0,0,0,0,0,0,0,0,0,.000,.000,.000,.000
Greg Allen,SD,OF,27,1,1,1,0,0,0,0,0,1,0,2,1,0,0,1,.000,.750,.000,.750
Luis Gonzalez,CWS,OF,25,3,1,1,0,0,0,0,0,0,0,0,1,0,0,1,.000,.500,.000,.500